AED, United Arab Emirates dirham,	United Arab Emirates
AFN, Afghani,	Afghanistan
ALL, Lek,	Albania
AMD, Armenian Dram,	Armenia
ANG, Netherlands Antillian Guilder,	Netherlands Antilles
AOA, Kwanza,	Angola
ARS, Argentine Peso,	Argentina
AUD, Australian Dollar,	Australia
AWG, Aruban Guilder,	Aruba
AZN, Azerbaijanian Manat,	Azerbaijan
BAM, Convertible Marks,	Bosnia and Herzegovina
BBD, Barbados Dollar,	Barbados
BDT, Bangladeshi Taka,	Bangladesh
BGN, Bulgarian Lev,	Bulgaria
BHD, Bahraini Dinar,	Bahrain
BIF, Burundian Franc,	Burundi
BMD, Bermudian Dollar,	Bermuda
BND, Brunei Dollar,	Brunei
BOB, Boliviano,	Bolivia
BRL, Brazilian Real,	Brazil
BSD, Bahamian Dollar,	Bahamas
BTN, Ngultrum,	Bhutan
BWP, Pula,	Botswana
BYR, Belarussian Ruble,	Belarus
BZD, Belize Dollar,	Belize
CAD, Canadian Dollar,	Canada
CDF, Franc Congolais,	Democratic Republic of Congo
CHF, Swiss Franc,	Switzerland
CLP, Chilean Peso,	Chile
CNY, Yuan Renminbi,	Mainland China
COP, Colombian Peso,	Colombia
CRC, Costa Rican Colon,	Costa Rica
CUP, Cuban Peso,	Cuba
CVE, Cape Verde Escudo,	Cape Verde
CYP, Cyprus Pound,	Cyprus
CZK, Czech Koruna,	Czech Republic
DJF, Djibouti Franc,	Djibouti
DKK, Danish Krone,	Denmark
DOP, Dominican Peso,	Dominican Republic
DZD, Algerian Dinar,	Algeria
EEK, Kroon,	Estonia
EGP, Egyptian Pound,	Egypt
ERN, Nakfa,	Eritrea
ETB, Ethiopian Birr,	Ethiopia
EUR, Euro,	Eurozone
FJD, Fiji Dollar,	Fiji
FKP, Falkland Islands Pound,	Falkland Islands
GBP, Pound Sterling,	United Kingdom
GEL, Lari,	Georgia
GHS, Cedi,	Ghana
GIP, Gibraltar pound,	Gibraltar
GMD, Dalasi,	Gambia
GNF, Guinea Franc,	Guinea
GTQ, Quetzal,	Guatemala
GYD, Guyana Dollar,	Guyana
HKD, Hong Kong Dollar,	Hong Kong
HNL, Lempira,	Honduras
HRK, Croatian Kuna,	Croatia
HTG, Haiti Gourde,	Haiti
HUF, Forint,	Hungary
IDR, Rupiah,	Indonesia
ILS, New Israeli Shekel,	Israel
INR, Indian Rupee,	India
IQD, Iraqi Dinar,	Iraq
IRR, Iranian Rial,	Iran
ISK, Iceland Krona,	Iceland
JMD, Jamaican Dollar,	Jamaica
JOD, Jordanian Dinar,	Jordan
JPY, Japanese yen,	Japan
KES, Kenyan Shilling,	Kenya
KGS, Som,	Kyrgyzstan
KHR, Riel,	Cambodia
KMF, Comoro Franc,	Comoros
KPW, North Korean Won,	North Korea
KRW, South Korean Won,	South Korea
KWD, Kuwaiti Dinar,	Kuwait
KYD, Cayman Islands Dollar,	Cayman Islands
KZT, Tenge,	Kazakhstan
LAK, Kip,	Laos
LBP, Lebanese Pound,	Lebanon
LKR, Sri Lanka Rupee,	Sri Lanka
LRD, Liberian Dollar,	Liberia
LSL, Loti,	Lesotho
LTL, Lithuanian Litas,	Lithuania
LVL, Latvian Lats,	Latvia
LYD, Libyan Dinar,	Libya
MAD, Moroccan Dirha,	Morocco
MDL, Moldovan Leu,	Moldova
MGA, Malagasy Ariary,	Madagascar
MKD, Denar,	Former Yugoslav Republic of Macedonia
MMK, Kyat,	Myanmar
MNT, Tugrik,	Mongolia
MOP, Pataca,	Macau
MRO, Ouguiya,	Mauritania
MTL, Maltese Lira,	Malta
MUR, Mauritius Rupee,	Mauritius
MVR, Rufiyaa,	Maldives
MWK, Kwacha,	Malawi
MXN, Mexican Peso,	Mexico
MYR, Malaysian Ringgit,	Malaysia
MZN, Metical,	Mozambique
NAD, Namibian Dollar,	Namibia
NGN, Naira,	Nigeria
NIO, Cordoba Oro,	Nicaragua
NOK, Norwegian Krone,	Norway
NPR, Nepalese Rupee,	Nepal
NZD, New Zealand Dollar,	New Zealand
OMR, Rial Omani,	Oman
PAB, Balboa,	Panama
PEN, Nuevo Sol,	Peru
PGK, Kina,	Papua New Guinea
PHP, Philippine Peso,	Philippines
PKR, Pakistan Rupee,	Pakistan
PLN, Zloty,	Poland
PYG, Guarani,	Paraguay
QAR, Qatari Rial,	Qatar
RON, Romanian New Leu,	Romania
RSD, Serbian Dinar,	Serbia
RUB, Russian Ruble,	Russia
RWF, Rwanda Franc,	Rwanda
SAR, Saudi Riyal,	Saudi Arabia
SBD, Solomon Islands Dollar,	Solomon Islands
SCR, Seychelles Rupee,	Seychelles
SDG, Sudanese Pound,	Sudan
SEK, Swedish Krona,	Sweden
SGD, Singapore Dollar,	Singapore
SHP, Saint Helena Pound,	Saint Helena
SKK, Slovak Koruna,	Slovakia
SLL, Leone,	Sierra Leone
SOS, Somali Shilling,	Somalia
SRD, Surinam Dollar,	Suriname
STD, Dobra,	Sao Tome and Príncipe
SYP, Syrian Pound,	Syria
SZL, Lilangeni,	Swaziland
THB, Baht,	Thailand
TJS, Somoni,	Tajikistan
TMM, Manat,	Turkmenistan
TND, Tunisian Dinar,	Tunisia
TOP, Pa'anga,	Tonga
TRY, New Turkish Lira,	Turkey
TTD, Trinidad and Tobago Dollar,	Trinidad and Tobago
TWD, New Taiwan Dollar,	Taiwan
TZS, Tanzanian Shilling,	Tanzania
UAH, Hryvnia,	Ukraine
UGX, Uganda Shilling,	Uganda
USD, US Dollar,	United States of America
UYU, Peso Uruguayo,	Uruguay
UZS, Uzbekistan Som,	Uzbekistan
VEB, Venezuelan bolívar,	Venezuela
VND, Vietnamese dong,	Vietnam
VUV, Vatu,	Vanuatu
WST, Samoan Tala,	Samoa
YER, Yemeni Rial,	Yemen
ZAR, South African Rand,	South Africa
ZMK, Kwacha,	Zambia
ZWD, Zimbabwe Dollar,	Zimbabwe